App,Translated_Review,Sentiment,Sentiment_Polarity,Sentiment_Subjectivity
10 Best Foods for You,"I like eat delicious food. That s I m cooking food myself, case ""10 Best Foods"" helps lot, also ""Best Before (Shelf Life)""",Positive,1.0,0.5333333333333333
10 Best Foods for You,This help eating healthy exercise regular basis,Positive,0.25,0.28846153846153844
10 Best Foods for You,nan,nan,nan,nan
10 Best Foods for You,Works great especially going grocery store,Positive,0.4,0.875
10 Best Foods for You,Best idea us,Positive,1.0,0.3
10 Best Foods for You,Best way,Positive,1.0,0.3
10 Best Foods for You,Amazing,Positive,0.6000000000000001,0.9
10 Best Foods for You,nan,nan,nan,nan
10 Best Foods for You,"Looking forward app,",Neutral,0.0,0.0
10 Best Foods for You,It helpful site ! It help foods get !,Neutral,0.0,0.0
10 Best Foods for You,good you.,Positive,0.7,0.6000000000000001
10 Best Foods for You,"Useful information The amount spelling errors questions validity information shared. Once fixed, 5 stars given.",Positive,0.2,0.1
10 Best Foods for You,"Thank you! Great app!! Add arthritis, eyes, immunity, kidney/liver detox foods please. :)",Positive,0.75,0.875
10 Best Foods for You,Greatest ever Completely awesome maintain health.... This must ppl there... Love it!!!,Positive,0.9921875,0.8666666666666667
10 Best Foods for You,Good health...... Good health first priority.......,Positive,0.5499999999999999,0.5111111111111112
10 Best Foods for You,nan,nan,nan,nan
10 Best Foods for You,Health It s important world either life . think? :),Positive,0.45,1.0
10 Best Foods for You,"Mrs sunita bhati I thankful developers,to make kind app, really good healthy food body",Positive,0.6,0.6666666666666666
10 Best Foods for You,Very Useful in diabetes age 30. I need control sugar. thanks,Positive,0.29500000000000004,0.1
10 Best Foods for You,One greatest apps.,Positive,1.0,1.0
10 Best Foods for You,good nice,Positive,0.6499999999999999,0.8
10 Best Foods for You,Healthy Really helped,Positive,0.35,0.35
10 Best Foods for You,God health,Neutral,0.0,0.0
10 Best Foods for You,HEALTH SHOULD ALWAYS BE TOP PRIORITY. !!. ON MYSG5.,Positive,0.78125,0.5
10 Best Foods for You,An excellent A useful,Positive,0.65,0.5
10 Best Foods for You,I found lot wealth form health...,Neutral,0.0,0.0
10 Best Foods for You,Because I found important.,Positive,0.4,1.0
10 Best Foods for You,Healthy Eating,Positive,0.5,0.5
10 Best Foods for You,Very good Simply good,Positive,0.8049999999999999,0.6900000000000002
10 Best Foods for You,On test....,Neutral,0.0,0.0
10 Best Foods for You,Good.!!,Positive,1.0,0.6000000000000001
10 Best Foods for You,Thanks advice. Downloaded Adobe reader still can t get recipe book?..,Positive,0.2,0.2
10 Best Foods for You,No recipe book Unable recipe book.,Negative,-0.5,0.5
10 Best Foods for You,Absolutely Fabulous Phenomenal,Positive,0.45,0.75
10 Best Foods for You,Great Love food,Positive,0.65,0.675
10 Best Foods for You,Excellent It really works,Positive,0.6,0.6
10 Best Foods for You,Best,Positive,1.0,0.3
10 Best Foods for You,"WEALTH OF INFORMATION Very informative ... easy understand. (The ads middle page interupted read). Update: My ""ad comment"" NOT objection ads, literally position ads. Smack dab MIDDLE. I new spartphones & apps. Didnt know NOT Click eveything I saw... But, ... Full Review",Positive,0.1866161616161616,0.3563131313131313
10 Best Foods for You,Not description good,Positive,0.7,0.6000000000000001
10 Best Foods for You,Great app. Love,Positive,0.65,0.675
10 Best Foods for You,Good,Positive,0.7,0.6000000000000001
10 Best Foods for You,Loved Very helpful,Positive,0.44999999999999996,0.55
10 Best Foods for You,Good healthy foods.,Positive,0.6,0.55
10 Best Foods for You,Waste time It needs internet time n ask calls information,Negative,-0.2,0.0
10 Best Foods for You,Best thing I lost ten lbs. two months help tips,Positive,0.5,0.15
10 Best Foods for You,Ten best food promote good health Good health essential long healthy lifestyle make habit eat foods promote good health. Eat fruits veggies every day.,Positive,0.44375,0.41250000000000003
10 Best Foods for You,Healthy Food Really good information eat healthy,Positive,0.5666666666666667,0.5333333333333333
10 Best Foods for You,My mom dad important thing This good share,Positive,0.55,0.8
10 Best Foods for You,A big thanks ds I got bst gd health,Positive,0.1,0.15000000000000002
10 Best Foods for You,Lovely Best everyone needs,Positive,0.75,0.525
10 Best Foods for You,Love It I lost 6Pounds far 215 209,Positive,0.3,0.8
10 Best Foods for You,I like,Neutral,0.0,0.0
10 Best Foods for You,Thanks helpful app.,Positive,0.2,0.2
10 Best Foods for You,good food really good eat,Positive,0.7,0.6000000000000001
10 Best Foods for You,Thanks Thank u much,Positive,0.2,0.2
10 Best Foods for You,Love This really good,Positive,0.6,0.6000000000000001
10 Best Foods for You,This helpful,Neutral,0.0,0.0
10 Best Foods for You,I love,Positive,0.5,0.6
10 Best Foods for You,Very useful,Positive,0.39,0.0
10 Best Foods for You,Great Love,Positive,0.65,0.675
10 Best Foods for You,Very informative,Positive,0.2,0.3
10 Best Foods for You,Luv,Neutral,0.0,0.0
10 Best Foods for You,great,Positive,0.8,0.75
10 Best Foods for You,Wonderful,Positive,1.0,1.0
10 Best Foods for You,Doesn t work... Zero,Neutral,0.0,0.0
10 Best Foods for You,Weight loss Not bad,Positive,0.3499999999999999,0.6666666666666666
10 Best Foods for You,10 best foods 4u Excellent chose foods,Positive,1.0,0.65
10 Best Foods for You,This needed most.,Positive,0.5,0.5
10 Best Foods for You,Faltu plz waste ur time,Negative,-0.2,0.0
10 Best Foods for You,Best food Thank you recipe book,Positive,1.0,0.3
10 Best Foods for You,I Love Good,Positive,0.6,0.6000000000000001
10 Best Foods for You,I like Superb,Positive,1.0,1.0
10 Best Foods for You,Good V good,Positive,0.7,0.6000000000000001
10 Best Foods for You,Healthy,Positive,0.5,0.5
10 Best Foods for You,Quick Read.,Positive,0.3333333333333333,0.5
10 Best Foods for You,Great ideas,Positive,0.8,0.75
10 Best Foods for You,Too good,Positive,0.7,0.6000000000000001
10 Best Foods for You,Cool.,Positive,0.35,0.65
10 Best Foods for You,Good,Positive,0.7,0.6000000000000001
10 Best Foods for You,Good,Positive,0.7,0.6000000000000001
10 Best Foods for You,Best Best,Positive,1.0,0.3
10 Best Foods for You,Great Great,Positive,0.8,0.75
10 Best Foods for You,"Food list easy I predibetic, I scared. All Dr. said potatoes, rice, bread. He never told I could eat. I supplied paperwork stating things could happen me. This tells get works. Thank calming down.AWESOME APP. GET IT!!!!",Positive,1.0,0.8333333333333334
10 Best Foods for You,Great wife. My wife enjoy much. She s kinda person like follow health diet... She s spending much time front PC find appropriate diet food her. Now found magnificent app! Thank you! Thumbs up.,Positive,0.5166666666666667,0.525
10 Best Foods for You,Great! Very interesting useful application. I like it!,Positive,0.6749999999999999,0.4666666666666666
10 Best Foods for You,Crap Doesn t work,Negative,-0.8,0.8
10 Best Foods for You,This 5 starr Download,Neutral,0.0,0.0
10 Best Foods for You,I like Was helpful,Neutral,0.0,0.0
10 Best Foods for You,nice super get,Positive,0.4666666666666667,0.8333333333333333
10 Best Foods for You,Nice Nice collection,Positive,0.6,1.0
10 Best Foods for You,Wow,Positive,0.1,1.0
10 Best Foods for You,"Interesting. It interesting info, I think worth storage space phone. I d rather research computer print list. Neat idea, make life easier, provide entertainment, I expect app.",Positive,0.43333333333333335,0.3666666666666667
10 Best Foods for You,"Luv it! Simple, easy understand, well thought I follow step step problems see results. I also luv apps, gives food choices. But looks like foundation. Keep good work!",Positive,0.4361111111111111,0.5968253968253968
10 Best Foods for You,Not good Its good u net connection u can t play app.so much good.,Positive,0.26249999999999996,0.45000000000000007
10 Best Foods for You,Awesome resources I begin new journey. I can t see great results!,Positive,0.712121212121212,0.7348484848484849
10 Best Foods for You,Boring. I thought actually just texts that s it. Too poor old texts....,Negative,-0.32499999999999996,0.47500000000000003
10 Best Foods for You,Love app. It gives way good idea I buying store eating daily basis,Positive,0.39999999999999997,0.4000000000000001
10 Best Foods for You,Great Its really best unique provides detailed information food nutritious staying healthy hats developer giving free.,Positive,0.5791666666666666,0.6833333333333332
10 Best Foods for You,Nothing special! Could find anything useful!,Positive,0.4107142857142857,0.2857142857142857
10 Best Foods for You,Its ok I love ok.,Positive,0.5,0.5333333333333333
10 Best Foods for You,"I like eat delicious food. That s I m cooking food myself, case ""10 Best Foods"" helps lot, also ""Best Before (Shelf Life)""",Positive,1.0,0.5333333333333333
10 Best Foods for You,This help eating healthy exercise regular basis,Positive,0.25,0.28846153846153844
10 Best Foods for You,nan,nan,nan,nan
10 Best Foods for You,Works great especially going grocery store,Positive,0.4,0.875
10 Best Foods for You,Best idea us,Positive,1.0,0.3
10 Best Foods for You,Best way,Positive,1.0,0.3
10 Best Foods for You,Amazing,Positive,0.6000000000000001,0.9
10 Best Foods for You,nan,nan,nan,nan
10 Best Foods for You,"Looking forward app,",Neutral,0.0,0.0
10 Best Foods for You,It helpful site ! It help foods get !,Neutral,0.0,0.0
10 Best Foods for You,good you.,Positive,0.7,0.6000000000000001
10 Best Foods for You,"Useful information The amount spelling errors questions validity information shared. Once fixed, 5 stars given.",Positive,0.2,0.1
10 Best Foods for You,"Thank you! Great app!! Add arthritis, eyes, immunity, kidney/liver detox foods please. :)",Positive,0.75,0.875
10 Best Foods for You,Greatest ever Completely awesome maintain health.... This must ppl there... Love it!!!,Positive,0.9921875,0.8666666666666667
10 Best Foods for You,Good health...... Good health first priority.......,Positive,0.5499999999999999,0.5111111111111112
10 Best Foods for You,nan,nan,nan,nan
10 Best Foods for You,Health It s important world either life . think? :),Positive,0.45,1.0
10 Best Foods for You,"Mrs sunita bhati I thankful developers,to make kind app, really good healthy food body",Positive,0.6,0.6666666666666666
10 Best Foods for You,Very Useful in diabetes age 30. I need control sugar. thanks,Positive,0.29500000000000004,0.1
10 Best Foods for You,One greatest apps.,Positive,1.0,1.0
10 Best Foods for You,good nice,Positive,0.6499999999999999,0.8
10 Best Foods for You,Healthy Really helped,Positive,0.35,0.35
10 Best Foods for You,God health,Neutral,0.0,0.0
10 Best Foods for You,HEALTH SHOULD ALWAYS BE TOP PRIORITY. !!. ON MYSG5.,Positive,0.78125,0.5
10 Best Foods for You,An excellent A useful,Positive,0.65,0.5
10 Best Foods for You,I found lot wealth form health...,Neutral,0.0,0.0
10 Best Foods for You,Because I found important.,Positive,0.4,1.0
10 Best Foods for You,Healthy Eating,Positive,0.5,0.5
10 Best Foods for You,Very good Simply good,Positive,0.8049999999999999,0.6900000000000002
10 Best Foods for You,On test....,Neutral,0.0,0.0
10 Best Foods for You,Good.!!,Positive,1.0,0.6000000000000001
10 Best Foods for You,Thanks advice. Downloaded Adobe reader still can t get recipe book?..,Positive,0.2,0.2
10 Best Foods for You,No recipe book Unable recipe book.,Negative,-0.5,0.5
10 Best Foods for You,Absolutely Fabulous Phenomenal,Positive,0.45,0.75
10 Best Foods for You,Great Love food,Positive,0.65,0.675
10 Best Foods for You,Excellent It really works,Positive,0.6,0.6
10 Best Foods for You,Best,Positive,1.0,0.3
10 Best Foods for You,"WEALTH OF INFORMATION Very informative ... easy understand. (The ads middle page interupted read). Update: My ""ad comment"" NOT objection ads, literally position ads. Smack dab MIDDLE. I new spartphones & apps. Didnt know NOT Click eveything I saw... But, ... Full Review",Positive,0.1866161616161616,0.3563131313131313
10 Best Foods for You,Not description good,Positive,0.7,0.6000000000000001
10 Best Foods for You,Great app. Love,Positive,0.65,0.675
10 Best Foods for You,Good,Positive,0.7,0.6000000000000001
10 Best Foods for You,Loved Very helpful,Positive,0.44999999999999996,0.55
10 Best Foods for You,Good healthy foods.,Positive,0.6,0.55
10 Best Foods for You,Waste time It needs internet time n ask calls information,Negative,-0.2,0.0
10 Best Foods for You,Best thing I lost ten lbs. two months help tips,Positive,0.5,0.15
10 Best Foods for You,Ten best food promote good health Good health essential long healthy lifestyle make habit eat foods promote good health. Eat fruits veggies every day.,Positive,0.44375,0.41250000000000003
10 Best Foods for You,Healthy Food Really good information eat healthy,Positive,0.5666666666666667,0.5333333333333333
10 Best Foods for You,My mom dad important thing This good share,Positive,0.55,0.8
10 Best Foods for You,A big thanks ds I got bst gd health,Positive,0.1,0.15000000000000002
10 Best Foods for You,Lovely Best everyone needs,Positive,0.75,0.525
10 Best Foods for You,Love It I lost 6Pounds far 215 209,Positive,0.3,0.8
10 Best Foods for You,I like,Neutral,0.0,0.0
10 Best Foods for You,Thanks helpful app.,Positive,0.2,0.2
10 Best Foods for You,good food really good eat,Positive,0.7,0.6000000000000001
10 Best Foods for You,Thanks Thank u much,Positive,0.2,0.2
10 Best Foods for You,Love This really good,Positive,0.6,0.6000000000000001
10 Best Foods for You,This helpful,Neutral,0.0,0.0
10 Best Foods for You,I love,Positive,0.5,0.6
10 Best Foods for You,Very useful,Positive,0.39,0.0
10 Best Foods for You,Great Love,Positive,0.65,0.675
10 Best Foods for You,Very informative,Positive,0.2,0.3
10 Best Foods for You,Luv,Neutral,0.0,0.0
10 Best Foods for You,great,Positive,0.8,0.75
10 Best Foods for You,Wonderful,Positive,1.0,1.0
10 Best Foods for You,Doesn t work... Zero,Neutral,0.0,0.0
10 Best Foods for You,Weight loss Not bad,Positive,0.3499999999999999,0.6666666666666666
10 Best Foods for You,10 best foods 4u Excellent chose foods,Positive,1.0,0.65
10 Best Foods for You,This needed most.,Positive,0.5,0.5
10 Best Foods for You,Faltu plz waste ur time,Negative,-0.2,0.0
10 Best Foods for You,Best food Thank you recipe book,Positive,1.0,0.3
10 Best Foods for You,I Love Good,Positive,0.6,0.6000000000000001
10 Best Foods for You,I like Superb,Positive,1.0,1.0
10 Best Foods for You,Good V good,Positive,0.7,0.6000000000000001
10 Best Foods for You,Healthy,Positive,0.5,0.5
10 Best Foods for You,Quick Read.,Positive,0.3333333333333333,0.5
10 Best Foods for You,Great ideas,Positive,0.8,0.75
10 Best Foods for You,Too good,Positive,0.7,0.6000000000000001
10 Best Foods for You,Cool.,Positive,0.35,0.65
10 Best Foods for You,Good,Positive,0.7,0.6000000000000001
10 Best Foods for You,Good,Positive,0.7,0.6000000000000001
10 Best Foods for You,Best Best,Positive,1.0,0.3
10 Best Foods for You,Great Great,Positive,0.8,0.75
10 Best Foods for You,"Food list easy I predibetic, I scared. All Dr. said potatoes, rice, bread. He never told I could eat. I supplied paperwork stating things could happen me. This tells get works. Thank calming down.AWESOME APP. GET IT!!!!",Positive,1.0,0.8333333333333334
10 Best Foods for You,Great wife. My wife enjoy much. She s kinda person like follow health diet... She s spending much time front PC find appropriate diet food her. Now found magnificent app! Thank you! Thumbs up.,Positive,0.5166666666666667,0.525
10 Best Foods for You,Great! Very interesting useful application. I like it!,Positive,0.6749999999999999,0.4666666666666666
10 Best Foods for You,Crap Doesn t work,Negative,-0.8,0.8
10 Best Foods for You,This 5 starr Download,Neutral,0.0,0.0
10 Best Foods for You,I like Was helpful,Neutral,0.0,0.0
10 Best Foods for You,nice super get,Positive,0.4666666666666667,0.8333333333333333
10 Best Foods for You,Nice Nice collection,Positive,0.6,1.0
10 Best Foods for You,Wow,Positive,0.1,1.0
10 Best Foods for You,"Interesting. It interesting info, I think worth storage space phone. I d rather research computer print list. Neat idea, make life easier, provide entertainment, I expect app.",Positive,0.43333333333333335,0.3666666666666667
10 Best Foods for You,"Luv it! Simple, easy understand, well thought I follow step step problems see results. I also luv apps, gives food choices. But looks like foundation. Keep good work!",Positive,0.4361111111111111,0.5968253968253968
10 Best Foods for You,Not good Its good u net connection u can t play app.so much good.,Positive,0.26249999999999996,0.45000000000000007
10 Best Foods for You,Awesome resources I begin new journey. I can t see great results!,Positive,0.712121212121212,0.7348484848484849
10 Best Foods for You,Boring. I thought actually just texts that s it. Too poor old texts....,Negative,-0.32499999999999996,0.47500000000000003
10 Best Foods for You,Love app. It gives way good idea I buying store eating daily basis,Positive,0.39999999999999997,0.4000000000000001
10 Best Foods for You,Great Its really best unique provides detailed information food nutritious staying healthy hats developer giving free.,Positive,0.5791666666666666,0.6833333333333332
10 Best Foods for You,Nothing special! Could find anything useful!,Positive,0.4107142857142857,0.2857142857142857
10 Best Foods for You,Its ok I love ok.,Positive,0.5,0.5333333333333333
104 æ‰¾å·¥ä½œ - æ‰¾å·¥ä½œ æ‰¾æ‰“å·¥ æ‰¾å…¼è· å±¥æ­·å¥æª¢ å±¥æ­·è¨ºç™‚å®¤,Great,Positive,0.8,0.75
104 æ‰¾å·¥ä½œ - æ‰¾å·¥ä½œ æ‰¾æ‰“å·¥ æ‰¾å…¼è· å±¥æ­·å¥æª¢ å±¥æ­·è¨ºç™‚å®¤,nice,Positive,0.6,1.0
104 æ‰¾å·¥ä½œ - æ‰¾å·¥ä½œ æ‰¾æ‰“å·¥ æ‰¾å…¼è· å±¥æ­·å¥æª¢ å±¥æ­·è¨ºç™‚å®¤,Almost mobile phone,Neutral,0.0,0.0
104 æ‰¾å·¥ä½œ - æ‰¾å·¥ä½œ æ‰¾æ‰“å·¥ æ‰¾å…¼è· å±¥æ­·å¥æª¢ å±¥æ­·è¨ºç™‚å®¤,"Very effective, efficient convenient find available jobs. Keep good work power 104 Job Search.",Positive,0.6266666666666667,0.6666666666666666
104 æ‰¾å·¥ä½œ - æ‰¾å·¥ä½œ æ‰¾æ‰“å·¥ æ‰¾å…¼è· å±¥æ­·å¥æª¢ å±¥æ­·è¨ºç™‚å®¤,Easy intuitive,Positive,0.43333333333333335,0.8333333333333334
104 æ‰¾å·¥ä½œ - æ‰¾å·¥ä½œ æ‰¾æ‰“å·¥ æ‰¾å…¼è· å±¥æ­·å¥æª¢ å±¥æ­·è¨ºç™‚å®¤,good searching job internship,Positive,0.7,0.6000000000000001
104 æ‰¾å·¥ä½œ - æ‰¾å·¥ä½œ æ‰¾æ‰“å·¥ æ‰¾å…¼è· å±¥æ­·å¥æª¢ å±¥æ­·è¨ºç™‚å®¤,"Not bad, price little bit expensive",Negative,-0.11250000000000003,0.6222222222222221
104 æ‰¾å·¥ä½œ - æ‰¾å·¥ä½œ æ‰¾æ‰“å·¥ æ‰¾å…¼è· å±¥æ­·å¥æª¢ å±¥æ­·è¨ºç™‚å®¤,easy use!,Positive,0.5416666666666667,0.8333333333333334
104 æ‰¾å·¥ä½œ - æ‰¾å·¥ä½œ æ‰¾æ‰“å·¥ æ‰¾å…¼è· å±¥æ­·å¥æª¢ å±¥æ­·è¨ºç™‚å®¤,job search results iOS e.g. security,Neutral,0.0,0.0
104 æ‰¾å·¥ä½œ - æ‰¾å·¥ä½œ æ‰¾æ‰“å·¥ æ‰¾å…¼è· å±¥æ­·å¥æª¢ å±¥æ­·è¨ºç™‚å®¤,easy,Positive,0.43333333333333335,0.8333333333333334
104 æ‰¾å·¥ä½œ - æ‰¾å·¥ä½œ æ‰¾æ‰“å·¥ æ‰¾å…¼è· å±¥æ­·å¥æª¢ å±¥æ­·è¨ºç™‚å®¤,"Well, it is also the largest human bank in Taiwan. Can you please app ui?",Neutral,0.0,0.1
104 æ‰¾å·¥ä½œ - æ‰¾å·¥ä½œ æ‰¾æ‰“å·¥ æ‰¾å…¼è· å±¥æ­·å¥æª¢ å±¥æ­·è¨ºç™‚å®¤,Great,Positive,0.8,0.75
104 æ‰¾å·¥ä½œ - æ‰¾å·¥ä½œ æ‰¾æ‰“å·¥ æ‰¾å…¼è· å±¥æ­·å¥æª¢ å±¥æ­·è¨ºç™‚å®¤,So,Neutral,0.0,0.0
104 æ‰¾å·¥ä½œ - æ‰¾å·¥ä½œ æ‰¾æ‰“å·¥ æ‰¾å…¼è· å±¥æ­·å¥æª¢ å±¥æ­·è¨ºç™‚å®¤,Very useful,Positive,0.39,0.0
104 æ‰¾å·¥ä½œ - æ‰¾å·¥ä½œ æ‰¾æ‰“å·¥ æ‰¾å…¼è· å±¥æ­·å¥æª¢ å±¥æ­·è¨ºç™‚å®¤,Helpful,Neutral,0.0,0.0
104 æ‰¾å·¥ä½œ - æ‰¾å·¥ä½œ æ‰¾æ‰“å·¥ æ‰¾å…¼è· å±¥æ­·å¥æª¢ å±¥æ­·è¨ºç™‚å®¤,Very good job hunt,Positive,0.9099999999999999,0.7800000000000001
104 æ‰¾å·¥ä½œ - æ‰¾å·¥ä½œ æ‰¾æ‰“å·¥ æ‰¾å…¼è· å±¥æ­·å¥æª¢ å±¥æ­·è¨ºç™‚å®¤,Easy to use.,Positive,0.43333333333333335,0.8333333333333334
104 æ‰¾å·¥ä½œ - æ‰¾å·¥ä½œ æ‰¾æ‰“å·¥ æ‰¾å…¼è· å±¥æ­·å¥æª¢ å±¥æ­·è¨ºç™‚å®¤,nice,Positive,0.6,1.0
104 æ‰¾å·¥ä½œ - æ‰¾å·¥ä½œ æ‰¾æ‰“å·¥ æ‰¾å…¼è· å±¥æ­·å¥æª¢ å±¥æ­·è¨ºç™‚å®¤,Good find job easily,Positive,0.5666666666666667,0.7166666666666668
104 æ‰¾å·¥ä½œ - æ‰¾å·¥ä½œ æ‰¾æ‰“å·¥ æ‰¾å…¼è· å±¥æ­·å¥æª¢ å±¥æ­·è¨ºç™‚å®¤,Good meet good,Positive,0.7,0.6000000000000001
104 æ‰¾å·¥ä½œ - æ‰¾å·¥ä½œ æ‰¾æ‰“å·¥ æ‰¾å…¼è· å±¥æ­·å¥æª¢ å±¥æ­·è¨ºç™‚å®¤,Awesomeee,Neutral,0.0,0.0
104 æ‰¾å·¥ä½œ - æ‰¾å·¥ä½œ æ‰¾æ‰“å·¥ æ‰¾å…¼è· å±¥æ­·å¥æª¢ å±¥æ­·è¨ºç™‚å®¤,Why English version???,Neutral,0.0,0.0
104 æ‰¾å·¥ä½œ - æ‰¾å·¥ä½œ æ‰¾æ‰“å·¥ æ‰¾å…¼è· å±¥æ­·å¥æª¢ å±¥æ­·è¨ºç™‚å®¤,"The operation interface & information content is richer than 1111, and it is also better to use/utility without flashing back.",Positive,0.25,0.25
104 æ‰¾å·¥ä½œ - æ‰¾å·¥ä½œ æ‰¾æ‰“å·¥ æ‰¾å…¼è· å±¥æ­·å¥æª¢ å±¥æ­·è¨ºç™‚å®¤,Nice,Positive,0.6,1.0
104 æ‰¾å·¥ä½œ - æ‰¾å·¥ä½œ æ‰¾æ‰“å·¥ æ‰¾å…¼è· å±¥æ­·å¥æª¢ å±¥æ­·è¨ºç™‚å®¤,"Is the development method completed in the early days, the computer web version and the mobile app, the function seems to be short or not the same in the same function page. For example, the similar work function of similar companies is not in the app version.",Positive,0.016666666666666666,0.27499999999999997
104 æ‰¾å·¥ä½œ - æ‰¾å·¥ä½œ æ‰¾æ‰“å·¥ æ‰¾å…¼è· å±¥æ­·å¥æª¢ å±¥æ­·è¨ºç™‚å®¤,This better suited possibly somebody understands pitfalls modern technology,Positive,0.2333333333333333,0.6
104 æ‰¾å·¥ä½œ - æ‰¾å·¥ä½œ æ‰¾æ‰“å·¥ æ‰¾å…¼è· å±¥æ­·å¥æª¢ å±¥æ­·è¨ºç™‚å®¤,"Useful handy terminal mobile devices, UI/UX improved :)",Positive,0.4666666666666666,0.6333333333333333
104 æ‰¾å·¥ä½œ - æ‰¾å·¥ä½œ æ‰¾æ‰“å·¥ æ‰¾å…¼è· å±¥æ­·å¥æª¢ å±¥æ­·è¨ºç™‚å®¤,104 job hunt So amazing.. easy use.. thanx guys,Positive,0.5166666666666667,0.8666666666666667
104 æ‰¾å·¥ä½œ - æ‰¾å·¥ä½œ æ‰¾æ‰“å·¥ æ‰¾å…¼è· å±¥æ­·å¥æª¢ å±¥æ­·è¨ºç™‚å®¤,"Convenient, easy using many large corporation it.",Positive,0.3825396825396825,0.5873015873015873
104 æ‰¾å·¥ä½œ - æ‰¾å·¥ä½œ æ‰¾æ‰“å·¥ æ‰¾å…¼è· å±¥æ­·å¥æª¢ å±¥æ­·è¨ºç™‚å®¤,Easy to use interface,Positive,0.43333333333333335,0.8333333333333334
104 æ‰¾å·¥ä½œ - æ‰¾å·¥ä½œ æ‰¾æ‰“å·¥ æ‰¾å…¼è· å±¥æ­·å¥æª¢ å±¥æ­·è¨ºç™‚å®¤,easy simple easy use.,Positive,0.2888888888888889,0.6746031746031745
104 æ‰¾å·¥ä½œ - æ‰¾å·¥ä½œ æ‰¾æ‰“å·¥ æ‰¾å…¼è· å±¥æ­·å¥æª¢ å±¥æ­·è¨ºç™‚å®¤,easy found job,Positive,0.43333333333333335,0.8333333333333334
104 æ‰¾å·¥ä½œ - æ‰¾å·¥ä½œ æ‰¾æ‰“å·¥ æ‰¾å…¼è· å±¥æ­·å¥æª¢ å±¥æ­·è¨ºç™‚å®¤,Great,Positive,0.8,0.75
104 æ‰¾å·¥ä½œ - æ‰¾å·¥ä½œ æ‰¾æ‰“å·¥ æ‰¾å…¼è· å±¥æ­·å¥æª¢ å±¥æ­·è¨ºç™‚å®¤,Useful This useful Chinese difficult people s read Chinese. If add English language useful.,Positive,0.05714285714285714,0.14285714285714285
104 æ‰¾å·¥ä½œ - æ‰¾å·¥ä½œ æ‰¾æ‰“å·¥ æ‰¾å…¼è· å±¥æ­·å¥æª¢ å±¥æ­·è¨ºç™‚å®¤,"Selling a phone number? After completing the resume for 20 minutes, I was hit by my 4 mobile phones, including Nanshan Life Insurance.",Neutral,0.0,0.0
104 æ‰¾å·¥ä½œ - æ‰¾å·¥ä½œ æ‰¾æ‰“å·¥ æ‰¾å…¼è· å±¥æ­·å¥æª¢ å±¥æ­·è¨ºç™‚å®¤,Very helpful Very easy user-friendly. Brilliant app.,Positive,0.5544444444444445,0.7666666666666666
104 æ‰¾å·¥ä½œ - æ‰¾å·¥ä½œ æ‰¾æ‰“å·¥ æ‰¾å…¼è· å±¥æ­·å¥æª¢ å±¥æ­·è¨ºç™‚å®¤,Good Very helpful,Positive,0.44999999999999996,0.45000000000000007
104 æ‰¾å·¥ä½œ - æ‰¾å·¥ä½œ æ‰¾æ‰“å·¥ æ‰¾å…¼è· å±¥æ­·å¥æª¢ å±¥æ­·è¨ºç™‚å®¤,"Very good, very convenient, easy to use, very beautiful, very good",Positive,0.6906666666666667,0.7386666666666668
104 æ‰¾å·¥ä½œ - æ‰¾å·¥ä½œ æ‰¾æ‰“å·¥ æ‰¾å…¼è· å±¥æ­·å¥æª¢ å±¥æ­·è¨ºç™‚å®¤,Ok,Positive,0.5,0.5
104 æ‰¾å·¥ä½œ - æ‰¾å·¥ä½œ æ‰¾æ‰“å·¥ æ‰¾å…¼è· å±¥æ­·å¥æª¢ å±¥æ­·è¨ºç™‚å®¤,Nice,Positive,0.6,1.0
11st,Horrible ID verification,Negative,-1.0,1.0
11st,"Easy even basic Korean. Searching English usually bring results products shipped overseas, best search Korean.",Positive,0.23666666666666666,0.3016666666666667
11st,Cool,Positive,0.35,0.65
11st,"I do not collect it for a month, but I will not refund it. He said he would only call me all month.",Neutral,0.0,1.0
11st,Top bar missing newest update. Hard shop can t search...,Positive,0.002777777777777768,0.36388888888888893
11st,There is nothing missing ~ !!!,Negative,-0.390625,0.05
11st,Refund takes long.. 3 days still received money.. crazy,Negative,-0.325,0.65
11st,I enjoying online shopping via 11st app. Perfect!,Positive,0.75,0.8
11st,good enough,Positive,0.35,0.55
11st,I switching gMarket Twice 11st s new face!,Positive,0.17045454545454544,0.45454545454545453
11st,forced full screen popups,Positive,0.024999999999999967,0.375
11st,Is it sound like you want to clear Chrome and pay for it again because Android users can not pay for Chrome error? I have to fix the app. Is it really true? It s makgeolli.,Positive,0.2833333333333333,0.4777777777777778
11st,Ok,Positive,0.5,0.5
11st,"I am trying to update every time but I do not stall. It s still difficult to search, and I m tired of seeing categories by category. The benefits are getting less and less.",Negative,-0.30833333333333335,0.4583333333333333
11st,Just try.. So far good,Positive,0.39999999999999997,0.8
11st,Icon name is strange after updating,Negative,-0.05,0.15
11st,com.skplanet.syruppay.cardrecognizedlib,Neutral,0.0,0.0
11st,Nice,Positive,0.6,1.0
11st,best shop,Positive,1.0,0.3
11st,I forgot password can t get new,Positive,0.13636363636363635,0.45454545454545453
11st,best,Positive,1.0,0.3
11st,I love,Positive,0.5,0.6
11st,Force update,Neutral,0.0,0.0
11st,She,Neutral,0.0,0.0
11st,Love Nature,Positive,0.5,0.6
11st,Language barrier. I understand Korea. I want English.,Neutral,0.0,0.0
11st,Shipping View Flexible View Make it right? Why do not you come out ???,Positive,0.2857142857142857,0.5357142857142857
11st,0 points I want to give No -10000000000000 points shortage I clicked on the Internet address I could not find the product I popped up and the 11th Avenue app was automatically turned on and it was automatically abducted so I can not use the internet app.,Neutral,0.0,0.0
11st,,Neutral,0.0,0.0
11st,Five star Its nice,Positive,0.6,1.0
11st,"Forced termination is too severe. If you try to view detailed information, it will be forcibly terminated.",Positive,0.19999999999999998,0.65
11st,"Open Market Revolution A section of the Helo-Ship open market mobile service. There are still many page areas that can not be served by mobile service, and the interface is also an urgent level for page loading. If you understand that there is a limit to the source control of the product information provided by the sellers, it is a chronic problem that problems arise in the loading of coupons or on the benefit management page.",Positive,0.16666666666666666,0.5
11st,English version Hi possible English version. Thank you.,Neutral,0.0,0.3333333333333333
11st,"If you have a phone that is authenticated by OTP and you call the agent, you will be able to find it .... There is a letter authentication and there is also an e-mail .. If you do not do such a thing and call a counselor,",Positive,0.25,0.5625
11st,It has been slowed down since the last update. It s hard for me to pay for the product ... I ll give up when I m alive.,Negative,-0.08680555555555558,0.3243055555555555
11st,good good,Positive,0.7,0.6000000000000001
11st,"If a network error occurs, the app should save the state and try again, or try to re-point the next time, but that s it and it s gone. It s totally tough.",Negative,-0.19444444444444445,0.4166666666666667
11st,Problem language I dont understand language used app. I advise keep option user choose language may prefer,Neutral,0.0,0.0
11st,Nice So nice Apps.,Positive,0.6,1.0
11st,Don t English language like,Neutral,0.0,0.0
1800 Contacts - Lens Store,Great hassle free way order contacts. Got call reminding prescription expires tomorrow.,Positive,0.6000000000000001,0.775
1800 Contacts - Lens Store,"It s expensive I expected (I thought I d saving money, cutting middle man), waaaaay convenient doctor s office.",Negative,-0.3,0.5
1800 Contacts - Lens Store,Super fast navigation brand fast/easy checkout additional ads BS,Positive,0.26666666666666666,0.6333333333333333
1800 Contacts - Lens Store,Easy step step process correct information took 5 minutes place order.,Positive,0.43333333333333335,0.8333333333333334
1800 Contacts - Lens Store,Placing order easy especially paper copy Rx. I ll update review I receive order rebate.,Positive,0.21666666666666667,0.9166666666666667
1800 Contacts - Lens Store,Super fast ordering reordering easy interface. Love convenience app!,Positive,0.3979166666666667,0.675
1800 Contacts - Lens Store,I love makes getting contacts easy!â™¥ï¸,Positive,0.5,0.6
1800 Contacts - Lens Store,Easy use. Will def recommend,Positive,0.43333333333333335,0.8333333333333334
1800 Contacts - Lens Store,Love app. Super easy use. Ordered contacts less minute.,Positive,0.27499999999999997,0.5416666666666667
1800 Contacts - Lens Store,"This easy use, ordering process fast efficient.",Positive,0.31666666666666665,0.7166666666666667
1800 Contacts - Lens Store,So simple cave man it!!,Neutral,0.0,0.35714285714285715
1800 Contacts - Lens Store,"Simple, fast easy use. No eye appointments",Positive,0.2111111111111111,0.5968253968253968
1800 Contacts - Lens Store,Very user friendly.,Positive,0.2875,0.4
1800 Contacts - Lens Store,Very easy use. Love free shipping,Positive,0.4877777777777778,0.8000000000000002
1800 Contacts - Lens Store,Very easy use.,Positive,0.5633333333333334,1.0
1800 Contacts - Lens Store,Dope,Neutral,0.0,0.0
1800 Contacts - Lens Store,Easy affordable.,Positive,0.43333333333333335,0.8333333333333334
1800 Contacts - Lens Store,Easy,Positive,0.43333333333333335,0.8333333333333334
1800 Contacts - Lens Store,great,Positive,0.8,0.75
1800 Contacts - Lens Store,So easy app! Made ordering contacts breeze! Great prices too!,Positive,0.8385416666666667,0.7916666666666667
1800 Contacts - Lens Store,Does need do. No sense giving anything less 5 stars.,Negative,-0.16666666666666666,0.06666666666666667
1800 Contacts - Lens Store,Worked well glad I,Positive,0.5,1.0
1800 Contacts - Lens Store,It s hell lot easier I thought it would be!,Neutral,0.0,0.0
1800 Contacts - Lens Store,It made getting new contacts easy!,Positive,0.33901515151515155,0.6439393939393939
1800 Contacts - Lens Store,I love app! SO easy super convenient!!,Positive,0.5263888888888889,0.7000000000000001
1800 Contacts - Lens Store,Hopefully work well. First time user.,Positive,0.25,0.3333333333333333
1800 Contacts - Lens Store,Contacts shipped time efficient.,Neutral,0.0,0.0
1800 Contacts - Lens Store,Very easy,Positive,0.5633333333333334,1.0
1800 Contacts - Lens Store,Easy access,Positive,0.43333333333333335,0.8333333333333334
1800 Contacts - Lens Store,"First time app, always used doctors office stand behind tore contacts. Hoping solve problem 1800contacts!",Negative,-0.125,0.5166666666666666
1800 Contacts - Lens Store,"Months later, GS9+, still notify expired lenses. Useless. ---- Lens notifications work, successfully pushes alerts discounts. The fundamental reason keep running lens expiration notification, work. (My notification settings fine.)",Positive,0.16666666666666669,0.4125
1800 Contacts - Lens Store,Good prices exceptional customer service. Order sent particular fault begin thoroughly checking information completing order. When I emailed I got response rather quickly (2 hours) correction made I receiving free overnight shipping ensure getting lenses promptly. Wonderful.,Positive,0.5444444444444444,0.7055555555555556
1800 Contacts - Lens Store,"It s quick easy order contacts app, I love it! And really saves time money, makes extremely happy! Got love free market capitalism!",Positive,0.5130952380952382,0.6476190476190478
1800 Contacts - Lens Store,Ordered Sunday. Got call verifying last name (recently married). Scheduled shipped Monday :) Happy customer,Positive,0.3875,0.5791666666666666
1800 Contacts - Lens Store,"Took 5 seconds find rx get contacts ordered, convenient.",Neutral,0.0,0.0
1800 Contacts - Lens Store,"Short, simple sweet. Super easy took less 5 mins order contacts. Plus savings!",Positive,0.1513888888888889,0.47896825396825404
1800 Contacts - Lens Store,"Super easy. Not super cheap, cheaper actually going optometrist, good deals shipping.",Positive,0.2833333333333333,0.5944444444444444
1800 Contacts - Lens Store,Very useful streamlines eye care needs. Recommend contact wearers. 5/5. Very reliable shipping. easy well.,Positive,0.34111111111111114,0.37777777777777777
1800 Contacts - Lens Store,Very easy use. They remembered last order I figure out!,Positive,0.2816666666666667,0.5333333333333333
1800 Contacts - Lens Store,"This well designed, easy & convenient!",Positive,0.5416666666666667,0.8333333333333334
1800 Contacts - Lens Store,Great hassle free way order contacts. Got call reminding prescription expires tomorrow.,Positive,0.6000000000000001,0.775
1800 Contacts - Lens Store,"It s expensive I expected (I thought I d saving money, cutting middle man), waaaaay convenient doctor s office.",Negative,-0.3,0.5
1800 Contacts - Lens Store,Super fast navigation brand fast/easy checkout additional ads BS,Positive,0.26666666666666666,0.6333333333333333
1800 Contacts - Lens Store,Easy step step process correct information took 5 minutes place order.,Positive,0.43333333333333335,0.8333333333333334
1800 Contacts - Lens Store,Placing order easy especially paper copy Rx. I ll update review I receive order rebate.,Positive,0.21666666666666667,0.9166666666666667
1800 Contacts - Lens Store,Super fast ordering reordering easy interface. Love convenience app!,Positive,0.3979166666666667,0.675
1800 Contacts - Lens Store,I love makes getting contacts easy!â™¥ï¸,Positive,0.5,0.6
1800 Contacts - Lens Store,Easy use. Will def recommend,Positive,0.43333333333333335,0.8333333333333334
1800 Contacts - Lens Store,Love app. Super easy use. Ordered contacts less minute.,Positive,0.27499999999999997,0.5416666666666667
1800 Contacts - Lens Store,"This easy use, ordering process fast efficient.",Positive,0.31666666666666665,0.7166666666666667
1800 Contacts - Lens Store,So simple cave man it!!,Neutral,0.0,0.35714285714285715
1800 Contacts - Lens Store,"Simple, fast easy use. No eye appointments",Positive,0.2111111111111111,0.5968253968253968
1800 Contacts - Lens Store,Very user friendly.,Positive,0.2875,0.4
1800 Contacts - Lens Store,Very easy use. Love free shipping,Positive,0.4877777777777778,0.8000000000000002
1800 Contacts - Lens Store,Very easy use.,Positive,0.5633333333333334,1.0
1800 Contacts - Lens Store,Dope,Neutral,0.0,0.0
1800 Contacts - Lens Store,Easy affordable.,Positive,0.43333333333333335,0.8333333333333334
1800 Contacts - Lens Store,Easy,Positive,0.43333333333333335,0.8333333333333334
1800 Contacts - Lens Store,great,Positive,0.8,0.75
1800 Contacts - Lens Store,So easy app! Made ordering contacts breeze! Great prices too!,Positive,0.8385416666666667,0.7916666666666667
1800 Contacts - Lens Store,Does need do. No sense giving anything less 5 stars.,Negative,-0.16666666666666666,0.06666666666666667
1800 Contacts - Lens Store,Worked well glad I,Positive,0.5,1.0
1800 Contacts - Lens Store,It s hell lot easier I thought it would be!,Neutral,0.0,0.0
1800 Contacts - Lens Store,It made getting new contacts easy!,Positive,0.33901515151515155,0.6439393939393939
1800 Contacts - Lens Store,I love app! SO easy super convenient!!,Positive,0.5263888888888889,0.7000000000000001
1800 Contacts - Lens Store,Hopefully work well. First time user.,Positive,0.25,0.3333333333333333
1800 Contacts - Lens Store,Contacts shipped time efficient.,Neutral,0.0,0.0
1800 Contacts - Lens Store,Very easy,Positive,0.5633333333333334,1.0
1800 Contacts - Lens Store,Easy access,Positive,0.43333333333333335,0.8333333333333334
1800 Contacts - Lens Store,"First time app, always used doctors office stand behind tore contacts. Hoping solve problem 1800contacts!",Negative,-0.125,0.5166666666666666
1800 Contacts - Lens Store,"Months later, GS9+, still notify expired lenses. Useless. ---- Lens notifications work, successfully pushes alerts discounts. The fundamental reason keep running lens expiration notification, work. (My notification settings fine.)",Positive,0.16666666666666669,0.4125
1800 Contacts - Lens Store,Good prices exceptional customer service. Order sent particular fault begin thoroughly checking information completing order. When I emailed I got response rather quickly (2 hours) correction made I receiving free overnight shipping ensure getting lenses promptly. Wonderful.,Positive,0.5444444444444444,0.7055555555555556
1800 Contacts - Lens Store,"It s quick easy order contacts app, I love it! And really saves time money, makes extremely happy! Got love free market capitalism!",Positive,0.5130952380952382,0.6476190476190478
1800 Contacts - Lens Store,Ordered Sunday. Got call verifying last name (recently married). Scheduled shipped Monday :) Happy customer,Positive,0.3875,0.5791666666666666
1800 Contacts - Lens Store,"Took 5 seconds find rx get contacts ordered, convenient.",Neutral,0.0,0.0
1800 Contacts - Lens Store,"Short, simple sweet. Super easy took less 5 mins order contacts. Plus savings!",Positive,0.1513888888888889,0.47896825396825404
1800 Contacts - Lens Store,"Super easy. Not super cheap, cheaper actually going optometrist, good deals shipping.",Positive,0.2833333333333333,0.5944444444444444
1800 Contacts - Lens Store,Very useful streamlines eye care needs. Recommend contact wearers. 5/5. Very reliable shipping. easy well.,Positive,0.34111111111111114,0.37777777777777777
1800 Contacts - Lens Store,Very easy use. They remembered last order I figure out!,Positive,0.2816666666666667,0.5333333333333333
1800 Contacts - Lens Store,"This well designed, easy & convenient!",Positive,0.5416666666666667,0.8333333333333334
1LINE â€“ One Line with One Touch,"gets 1* there s ad every single level restart, frustrating, potential",Negative,-0.15714285714285714,0.7047619047619048
1LINE â€“ One Line with One Touch,"The game interesting challenging. However, often buffers gets stuck.",Positive,0.19999999999999998,0.6333333333333333
1LINE â€“ One Line with One Touch,nan,nan,nan,nan
1LINE â€“ One Line with One Touch,"Wow ,i play 15 puzzle 1st round I remember puzzle solve childhood.. Lovely",Positive,0.13333333333333333,0.7166666666666667
1LINE â€“ One Line with One Touch,Love game deleting I ve waiting 3 months levels play. I several updates none updates added new levels,Positive,0.05909090909090908,0.36363636363636365
1LINE â€“ One Line with One Touch,Way many aggressive ads,Positive,0.5,0.5
1LINE â€“ One Line with One Touch,amaze i m addicted,Negative,-0.4,0.6
1LINE â€“ One Line with One Touch,I like game,Negative,-0.4,0.4
1LINE â€“ One Line with One Touch,nan,nan,nan,nan
1LINE â€“ One Line with One Touch,I play game,Negative,-0.4,0.4
1LINE â€“ One Line with One Touch,It s toooo gud game,Negative,-0.4,0.4
1LINE â€“ One Line with One Touch,"Too many unskippable ads. Other than, great game.",Positive,0.19375,0.50625
1LINE â€“ One Line with One Touch,Mind uses game,Negative,-0.4,0.4
1LINE â€“ One Line with One Touch,Too much ad,Positive,0.2,0.2
1LINE â€“ One Line with One Touch,It great experience knowledge help game,Positive,0.2,0.575
1LINE â€“ One Line with One Touch,Nice game,Positive,0.09999999999999998,0.7
1LINE â€“ One Line with One Touch,I really good game,Positive,0.14999999999999997,0.5
1LINE â€“ One Line with One Touch,I love game nice,Positive,0.2333333333333333,0.6666666666666666
1LINE â€“ One Line with One Touch,It granite,Neutral,0.0,0.0
1LINE â€“ One Line with One Touch,It confusing,Negative,-0.3,0.4
1LINE â€“ One Line with One Touch,Its really fun,Positive,0.3,0.2
1LINE â€“ One Line with One Touch,Is game beautiful,Positive,0.22499999999999998,0.7
1LINE â€“ One Line with One Touch,Guide,Neutral,0.0,0.0
1LINE â€“ One Line with One Touch,SUPER,Positive,0.3333333333333333,0.6666666666666666
1LINE â€“ One Line with One Touch,yoko,Neutral,0.0,0.0
1LINE â€“ One Line with One Touch,It s great,Positive,0.8,0.75
1LINE â€“ One Line with One Touch,Very nice,Positive,0.78,1.0
1LINE â€“ One Line with One Touch,Good,Positive,0.7,0.6000000000000001
1LINE â€“ One Line with One Touch,Its cool,Positive,0.35,0.65
1LINE â€“ One Line with One Touch,Cool,Positive,0.35,0.65
1LINE â€“ One Line with One Touch,Fantastic,Positive,0.4,0.9
1LINE â€“ One Line with One Touch,Superb,Positive,1.0,1.0
1LINE â€“ One Line with One Touch,Excellent,Positive,1.0,1.0
1LINE â€“ One Line with One Touch,Nice,Positive,0.6,1.0
1LINE â€“ One Line with One Touch,Love,Positive,0.5,0.6
1LINE â€“ One Line with One Touch,Fun,Positive,0.3,0.2
1LINE â€“ One Line with One Touch,Enjoy,Positive,0.4,0.5
1LINE â€“ One Line with One Touch,Love â¤â¤â¤â¤â¤â¤â¤â¤â¤â¤â¤â¤,Positive,0.5,0.6
1LINE â€“ One Line with One Touch,"Good graphics ok ,WAY many ads ridiculous can t skip them. Tbh waste time,would NOT recommend.",Positive,0.23333333333333334,0.52
1LINE â€“ One Line with One Touch,Terrible amount ads covering content making unpleasant play. Avoid,Negative,-0.825,0.975
2018Emoji Keyboard ğŸ˜‚ Emoticons Lite -sticker&gif,Like The Old Version Better Where Backspace Is Beside P Letter And Emoji Is Below Capitalization.,Positive,0.3,0.35
2018Emoji Keyboard ğŸ˜‚ Emoticons Lite -sticker&gif,I like far,Positive,0.1,1.0
2018Emoji Keyboard ğŸ˜‚ Emoticons Lite -sticker&gif,It s really useful I really like,Positive,0.25,0.1
2018Emoji Keyboard ğŸ˜‚ Emoticons Lite -sticker&gif,I can t send emojis without saying change input I know change input,Neutral,0.0,0.0
2018Emoji Keyboard ğŸ˜‚ Emoticons Lite -sticker&gif,"BullSh*t.... When open apps, says sill never register personal data credit card number... Once go activate de setting, message pops say personal data credit data enregistrate... Hahha... Thats bullsh*t",Neutral,0.0,0.3666666666666667
2018Emoji Keyboard ğŸ˜‚ Emoticons Lite -sticker&gif,nan,nan,nan,nan
2018Emoji Keyboard ğŸ˜‚ Emoticons Lite -sticker&gif,Good,Positive,0.7,0.6000000000000001
2018Emoji Keyboard ğŸ˜‚ Emoticons Lite -sticker&gif,nan,nan,nan,nan
2018Emoji Keyboard ğŸ˜‚ Emoticons Lite -sticker&gif,"Easy use, best keyboard useful..",Positive,0.5777777777777778,0.37777777777777777
2018Emoji Keyboard ğŸ˜‚ Emoticons Lite -sticker&gif,nan,nan,nan,nan
2018Emoji Keyboard ğŸ˜‚ Emoticons Lite -sticker&gif,Fuzzy,Neutral,0.0,0.0
2018Emoji Keyboard ğŸ˜‚ Emoticons Lite -sticker&gif,I love,Positive,0.5,0.6
2018Emoji Keyboard ğŸ˜‚ Emoticons Lite -sticker&gif,Perfect,Positive,1.0,1.0
2018Emoji Keyboard ğŸ˜‚ Emoticons Lite -sticker&gif,Awesome,Positive,1.0,1.0
2018Emoji Keyboard ğŸ˜‚ Emoticons Lite -sticker&gif,nan,nan,nan,nan
2018Emoji Keyboard ğŸ˜‚ Emoticons Lite -sticker&gif,"This good keyboard emoji users, sensitive, constant nags change themes (which can t disabled, block top screen) extremely irritating.",Positive,0.11666666666666664,0.5722222222222223
2018Emoji Keyboard ğŸ˜‚ Emoticons Lite -sticker&gif,"last update bug...i can t open keyboard setting, always fc , i m back old version",Positive,0.025,0.19166666666666665
2018Emoji Keyboard ğŸ˜‚ Emoticons Lite -sticker&gif,Works fine. No need update,Positive,0.4166666666666667,0.5
2018Emoji Keyboard ğŸ˜‚ Emoticons Lite -sticker&gif,nan,nan,nan,nan
2018Emoji Keyboard ğŸ˜‚ Emoticons Lite -sticker&gif,You are here:,Neutral,0.0,0.0
2018Emoji Keyboard ğŸ˜‚ Emoticons Lite -sticker&gif,I hate,Negative,-0.8,0.9
2018Emoji Keyboard ğŸ˜‚ Emoticons Lite -sticker&gif,Meh yeah,Neutral,0.0,0.0
2018Emoji Keyboard ğŸ˜‚ Emoticons Lite -sticker&gif,Amazing!,Positive,0.7500000000000001,0.9
2018Emoji Keyboard ğŸ˜‚ Emoticons Lite -sticker&gif,Amazing app!,Positive,0.7500000000000001,0.9
2018Emoji Keyboard ğŸ˜‚ Emoticons Lite -sticker&gif,Good emoji keyboard,Positive,0.7,0.6000000000000001
2018Emoji Keyboard ğŸ˜‚ Emoticons Lite -sticker&gif,It s lit,Neutral,0.0,0.0
2018Emoji Keyboard ğŸ˜‚ Emoticons Lite -sticker&gif,nan,nan,nan,nan
2018Emoji Keyboard ğŸ˜‚ Emoticons Lite -sticker&gif,nan,nan,nan,nan
2018Emoji Keyboard ğŸ˜‚ Emoticons Lite -sticker&gif,Its great,Positive,0.8,0.75
2018Emoji Keyboard ğŸ˜‚ Emoticons Lite -sticker&gif,Love it!!!!,Positive,1.0,0.6
2018Emoji Keyboard ğŸ˜‚ Emoticons Lite -sticker&gif,Good,Positive,0.7,0.6000000000000001
2018Emoji Keyboard ğŸ˜‚ Emoticons Lite -sticker&gif,Loved,Positive,0.7,0.8
2018Emoji Keyboard ğŸ˜‚ Emoticons Lite -sticker&gif,Good,Positive,0.7,0.6000000000000001
2018Emoji Keyboard ğŸ˜‚ Emoticons Lite -sticker&gif,The best emoji keyboard ever in love,Positive,0.75,0.44999999999999996
2018Emoji Keyboard ğŸ˜‚ Emoticons Lite -sticker&gif,Good,Positive,0.7,0.6000000000000001
2018Emoji Keyboard ğŸ˜‚ Emoticons Lite -sticker&gif,After update emoji can t used normally...,Positive,0.15,0.6499999999999999
2018Emoji Keyboard ğŸ˜‚ Emoticons Lite -sticker&gif,Great,Positive,0.8,0.75
2018Emoji Keyboard ğŸ˜‚ Emoticons Lite -sticker&gif,Best keyboard & never freezes like keyboard Ive used. Ive never problems using think deserves 5 stars! â­â­â­â­â­,Positive,1.0,0.3
2018Emoji Keyboard ğŸ˜‚ Emoticons Lite -sticker&gif,nan,nan,nan,nan
2018Emoji Keyboard ğŸ˜‚ Emoticons Lite -sticker&gif,This really good go get ehh,Positive,0.7,0.6000000000000001
21-Day Meditation Experience,Terrible! Not user-friendly like original app. Please give customers option both. I look forward navigating cumbersome app. Namaste!,Negative,-0.265625,0.875
21-Day Meditation Experience,Deeply disappointed. My free 21 days longer works. It asking high price meditations. I expect Oprah involved scam. I respect her.,Negative,-0.06333333333333332,0.6966666666666667
21-Day Meditation Experience,Update 3.0 looks good. Would 5* without added pictures purchasing products taking space phone. All products already available making pictures redundant. Thanks experience.,Positive,0.275,0.35
21-Day Meditation Experience,"I guess can t please everyone... I loved update. I m sure idea ""streamlined"" is, can t even read full title meditation trying use, theres problem. I love meditations themselves, comparing update update. The quality functionality like comparing apples oranges opinion. I m sure looking wanted changes... feels completely mark.",Positive,0.44166666666666665,0.687962962962963
21-Day Meditation Experience,This good ever I get notification phone stops meditation playing annoying I press play disturbs meditation. I prefer ed upgrade,Negative,-0.050000000000000044,0.75
21-Day Meditation Experience,I able listen 21 days past 2 frozen / crashed play. I liked upgrade point lot.,Positive,0.2833333333333333,0.5583333333333333
21-Day Meditation Experience,"Love offers dislike intensely keeps playing episode episode hours end. Used stop selected finished, much better way.",Positive,0.325,0.525
21-Day Meditation Experience,"Seems like update occurred, let access free meditation experience. Yesterday did, today matter try let me. Frustrating.",Neutral,0.0,0.8500000000000001
21-Day Meditation Experience,I m 21 days FREE meditation attraction. At first I could see program free. But update keeps showing order continue I pay.,Positive,0.35000000000000003,0.6444444444444445
21-Day Meditation Experience,I Started Manifesting I want From 2nd Day My Meditation. I Wholeheartedly Thank Deepak ji Oprah Bringing This Excellent App. Highly Recommend it!!!,Positive,0.4375,0.5133333333333333
21-Day Meditation Experience,Great experience. User friendly navigation.,Positive,0.5875,0.625
21-Day Meditation Experience,Cool,Positive,0.35,0.65
21-Day Meditation Experience,It would best crashing time. The new version keeps crashing every time I open app. I m missing 21 day experiences ones I purchased I cannot access now. It s getting frustrating. Plus new version allow view daily meditation... Full Review,Positive,0.12784090909090906,0.4011363636363636
21-Day Meditation Experience,"The 21-Day Meditations excellent addition daily meditation practice. Truly enjoy listening Oprah & Deepak. Short enough anytime, AM PM. It would merit 5-star ongoing glitch. I ve uninstalled reinstalled fixed it. When... Full Review",Positive,0.2642857142857143,0.43571428571428567
21-Day Meditation Experience,"This glitchy phone. More often not, it ll say ""mediation failed load"" available. I ve deleted reinstalled several times nothing seemed work. Frustrating!",Negative,-0.019999999999999997,0.42000000000000004
21-Day Meditation Experience,I love meditation sessions. Especially I love try meditation commit buying it! And great customer service. There couple reasons I give 4 stars: 1) They stopped supporting older OS smartphones lower end me... Full Review,Positive,0.5111111111111111,0.5805555555555556
21-Day Meditation Experience,Frozen Day 3...Things w we re moving along great I hit day 3 stuck there.now everyday returns back day.what waste time. New Year Same problem freezes minutes playing. . Anything calming trans-formative experience,Positive,0.0893939393939394,0.3215909090909091
21-Day Meditation Experience,Stressed I downloaded start time I got emails saying day expired within 5 days I already missed Day 1 I needed Day 2 day. Meditation individuals time frame... And I want pay deep thinker.... Full Review,Positive,0.175,0.47500000000000003
21-Day Meditation Experience,"Update: Apr 21, 2018 - I love itl. Reliable consistent. Old review: 2015 Lately every night I shows ""unable library"" message I uninstal n  re-install nightly... Contacted support team told work. So... Bad ..",Negative,-0.1083333333333333,0.4694444444444444
21-Day Meditation Experience,"Great meditations. Two things I wish would improve on. 1) allow daily reminders items purchased library set time daily reminder. 2) writing journal, blank space scrolls. It would nice instructions scroll well, bc much r... Full Review",Positive,0.2785714285714285,0.35714285714285715
21-Day Meditation Experience,"This totally awesome.... little trouble times w wanted go back relisten ""rewind"" recording freaked & close & start",Positive,0.153125,0.425
21-Day Meditation Experience,Day 1&2 fine. But day 3 froze quarter way thru meditation. That s disruptive. I d rather online version. Uninstalling.,Positive,0.4166666666666667,0.5
21-Day Meditation Experience,"Overall, easy use. Houses meditation programs I purchased place allows stream time. Makes participating 21-day programs breeze. Gave four stars hang becomes stuck sometimes.",Positive,0.21666666666666667,0.4166666666666667
21-Day Meditation Experience,Regular free meditations.. what s love?? They like 1/2 spiritual teaching 1/2 meditation. I ve even bought quite few. Great value!,Positive,0.2833333333333333,0.4100427350427351
21-Day Meditation Experience,"I enjoy using complete meditations anywhere, however 21-day meditation series allow journaling way online via desktop. This huge faux pas, strongly important part experience.",Positive,0.32500000000000007,0.7
21-Day Meditation Experience,I problems reviewers mentioned. This working great. I love hearing Oprah Deepak s voice...so calming. It s great addition regular practice.,Positive,0.525,0.5442307692307693
21-Day Meditation Experience,Love music & voices. I like I access ALL meditations 21 days. I missed trip & I can t access them.,Positive,0.5,0.6
21-Day Meditation Experience,Best App...hands down! I love variety sample meditations choose from. That mediation intro read prepare whats come. This duo dynamic (Oprah Deepak) force reckoned with...Thank helping become best sel... Full Review,Positive,0.4425925925925926,0.36759259259259264
21-Day Meditation Experience,"The content great hard use, gives sense actions progressing seems outdated poorly made. The easier need updating. It s shame program good!",Positive,0.11666666666666665,0.625
21-Day Meditation Experience,"It extremely calming excellent method center day. It brings anxiety stress levels leading progressive, peaceful, energetic positive mindset. I highy recommended hard time reaching true desired level ... Full Review",Positive,0.24006734006734007,0.5985690235690236
21-Day Meditation Experience,Has paid library available plus lists free meditation offer. Easy keep track navigate. Does always allow listen downloaded meditations I internet. The free experience registers I get reminders I ve missed experience. Thanks fix.,Positive,0.36666666666666664,0.6066666666666668
21-Day Meditation Experience,"Love access meditations. After playing day, though, jumps back days starts replaying. Can fix glitch?",Positive,0.25,0.3
21-Day Meditation Experience,I know begin I asked  whatever want call life force  I received answers. I imagine incredible positive creative flow meditations generate join together July 23. The unified field within us ... Full Review,Positive,0.49431818181818177,0.7488636363636363
21-Day Meditation Experience,"This good I updated it. Now I cannot access journal entries. It says ""Journal available meditation "" every day. Please fix",Positive,0.55,0.5
21-Day Meditation Experience,"I love app, quick & easy use, right size read. I.m able meditate anywhere w/o laptop. I don.t access email meditation experience, I handy app. I love 21 Day experience I get time. Thanks much.",Positive,0.39470899470899473,0.55489417989418
21-Day Meditation Experience,"I love and depend app. IN which journal would stay, 5 days access free meditations--still made significant positive impact life.",Positive,0.3755681818181818,0.7051136363636363
21-Day Meditation Experience,Nice work consistently. Had frequent glitches barring access journal parts content,Positive,0.31666666666666665,0.5166666666666667
21-Day Meditation Experience,Thank changing permissions access! When I done meditation I enjoy quiet...this auto plays another right away makes awful loud introduction next meditation. This happened night uses data I catch it. Please consider changing I rea... Full Review,Positive,0.02261904761904762,0.5642857142857142
21-Day Meditation Experience,Amazing meditation sessions. Only wish option keep expired. Currently shredding weight Oprah absolutely helping stay track keep accountable.,Positive,0.2,0.7999999999999999
21-Day Meditation Experience,"I ve meditating Oprah Deepak using 21 day meditation experience several years now. Occasionally, topics practice resonated enough I ve bought again. I look forward new 21 Day Experience enthusiasm excitement. They gui... Full Review",Positive,0.09727272727272726,0.3259090909090909
21-Day Meditation Experience,Terrible! Not user-friendly like original app. Please give customers option both. I look forward navigating cumbersome app. Namaste!,Negative,-0.265625,0.875
21-Day Meditation Experience,Deeply disappointed. My free 21 days longer works. It asking high price meditations. I expect Oprah involved scam. I respect her.,Negative,-0.06333333333333332,0.6966666666666667
21-Day Meditation Experience,Update 3.0 looks good. Would 5* without added pictures purchasing products taking space phone. All products already available making pictures redundant. Thanks experience.,Positive,0.275,0.35
21-Day Meditation Experience,"I guess can t please everyone... I loved update. I m sure idea ""streamlined"" is, can t even read full title meditation trying use, theres problem. I love meditations themselves, comparing update update. The quality functionality like comparing apples oranges opinion. I m sure looking wanted changes... feels completely mark.",Positive,0.44166666666666665,0.687962962962963
21-Day Meditation Experience,This good ever I get notification phone stops meditation playing annoying I press play disturbs meditation. I prefer ed upgrade,Negative,-0.050000000000000044,0.75
21-Day Meditation Experience,I able listen 21 days past 2 frozen / crashed play. I liked upgrade point lot.,Positive,0.2833333333333333,0.5583333333333333
21-Day Meditation Experience,"Love offers dislike intensely keeps playing episode episode hours end. Used stop selected finished, much better way.",Positive,0.325,0.525
21-Day Meditation Experience,"Seems like update occurred, let access free meditation experience. Yesterday did, today matter try let me. Frustrating.",Neutral,0.0,0.8500000000000001
21-Day Meditation Experience,I m 21 days FREE meditation attraction. At first I could see program free. But update keeps showing order continue I pay.,Positive,0.35000000000000003,0.6444444444444445
21-Day Meditation Experience,I Started Manifesting I want From 2nd Day My Meditation. I Wholeheartedly Thank Deepak ji Oprah Bringing This Excellent App. Highly Recommend it!!!,Positive,0.4375,0.5133333333333333
21-Day Meditation Experience,Great experience. User friendly navigation.,Positive,0.5875,0.625
21-Day Meditation Experience,Cool,Positive,0.35,0.65
21-Day Meditation Experience,It would best crashing time. The new version keeps crashing every time I open app. I m missing 21 day experiences ones I purchased I cannot access now. It s getting frustrating. Plus new version allow view daily meditation... Full Review,Positive,0.12784090909090906,0.4011363636363636
21-Day Meditation Experience,"The 21-Day Meditations excellent addition daily meditation practice. Truly enjoy listening Oprah & Deepak. Short enough anytime, AM PM. It would merit 5-star ongoing glitch. I ve uninstalled reinstalled fixed it. When... Full Review",Positive,0.2642857142857143,0.43571428571428567
21-Day Meditation Experience,"This glitchy phone. More often not, it ll say ""mediation failed load"" available. I ve deleted reinstalled several times nothing seemed work. Frustrating!",Negative,-0.019999999999999997,0.42000000000000004
21-Day Meditation Experience,I love meditation sessions. Especially I love try meditation commit buying it! And great customer service. There couple reasons I give 4 stars: 1) They stopped supporting older OS smartphones lower end me... Full Review,Positive,0.5111111111111111,0.5805555555555556
21-Day Meditation Experience,Frozen Day 3...Things w we re moving along great I hit day 3 stuck there.now everyday returns back day.what waste time. New Year Same problem freezes minutes playing. . Anything calming trans-formative experience,Positive,0.0893939393939394,0.3215909090909091
21-Day Meditation Experience,Stressed I downloaded start time I got emails saying day expired within 5 days I already missed Day 1 I needed Day 2 day. Meditation individuals time frame... And I want pay deep thinker.... Full Review,Positive,0.175,0.47500000000000003
21-Day Meditation Experience,"Update: Apr 21, 2018 - I love itl. Reliable consistent. Old review: 2015 Lately every night I shows ""unable library"" message I uninstal n  re-install nightly... Contacted support team told work. So... Bad ..",Negative,-0.1083333333333333,0.4694444444444444
21-Day Meditation Experience,"Great meditations. Two things I wish would improve on. 1) allow daily reminders items purchased library set time daily reminder. 2) writing journal, blank space scrolls. It would nice instructions scroll well, bc much r... Full Review",Positive,0.2785714285714285,0.35714285714285715
21-Day Meditation Experience,"This totally awesome.... little trouble times w wanted go back relisten ""rewind"" recording freaked & close & start",Positive,0.153125,0.425
21-Day Meditation Experience,Day 1&2 fine. But day 3 froze quarter way thru meditation. That s disruptive. I d rather online version. Uninstalling.,Positive,0.4166666666666667,0.5
21-Day Meditation Experience,"Overall, easy use. Houses meditation programs I purchased place allows stream time. Makes participating 21-day programs breeze. Gave four stars hang becomes stuck sometimes.",Positive,0.21666666666666667,0.4166666666666667
21-Day Meditation Experience,Regular free meditations.. what s love?? They like 1/2 spiritual teaching 1/2 meditation. I ve even bought quite few. Great value!,Positive,0.2833333333333333,0.4100427350427351
21-Day Meditation Experience,"I enjoy using complete meditations anywhere, however 21-day meditation series allow journaling way online via desktop. This huge faux pas, strongly important part experience.",Positive,0.32500000000000007,0.7
21-Day Meditation Experience,I problems reviewers mentioned. This working great. I love hearing Oprah Deepak s voice...so calming. It s great addition regular practice.,Positive,0.525,0.5442307692307693
21-Day Meditation Experience,Love music & voices. I like I access ALL meditations 21 days. I missed trip & I can t access them.,Positive,0.5,0.6
21-Day Meditation Experience,Best App...hands down! I love variety sample meditations choose from. That mediation intro read prepare whats come. This duo dynamic (Oprah Deepak) force reckoned with...Thank helping become best sel... Full Review,Positive,0.4425925925925926,0.36759259259259264
21-Day Meditation Experience,"The content great hard use, gives sense actions progressing seems outdated poorly made. The easier need updating. It s shame program good!",Positive,0.11666666666666665,0.625
21-Day Meditation Experience,"It extremely calming excellent method center day. It brings anxiety stress levels leading progressive, peaceful, energetic positive mindset. I highy recommended hard time reaching true desired level ... Full Review",Positive,0.24006734006734007,0.5985690235690236
21-Day Meditation Experience,Has paid library available plus lists free meditation offer. Easy keep track navigate. Does always allow listen downloaded meditations I internet. The free experience registers I get reminders I ve missed experience. Thanks fix.,Positive,0.36666666666666664,0.6066666666666668
21-Day Meditation Experience,"Love access meditations. After playing day, though, jumps back days starts replaying. Can fix glitch?",Positive,0.25,0.3
21-Day Meditation Experience,I know begin I asked  whatever want call life force  I received answers. I imagine incredible positive creative flow meditations generate join together July 23. The unified field within us ... Full Review,Positive,0.49431818181818177,0.7488636363636363
21-Day Meditation Experience,"This good I updated it. Now I cannot access journal entries. It says ""Journal available meditation "" every day. Please fix",Positive,0.55,0.5
21-Day Meditation Experience,"Simple, easy use, unnecessarily wastes time... A good investment time, personal growth.",Positive,0.18666666666666668,0.41809523809523813
21-Day Meditation Experience,"I love app, quick & easy use, right size read. I.m able meditate anywhere w/o laptop. I don.t access email meditation experience, I handy app. I love 21 Day experience I get time. Thanks much.",Positive,0.39470899470899473,0.55489417989418
21-Day Meditation Experience,"I love and depend app. IN which journal would stay, 5 days access free meditations--still made significant positive impact life.",Positive,0.3755681818181818,0.7051136363636363
21-Day Meditation Experience,Nice work consistently. Had frequent glitches barring access journal parts content,Positive,0.31666666666666665,0.5166666666666667
21-Day Meditation Experience,Thank changing permissions access! When I done meditation I enjoy quiet...this auto plays another right away makes awful loud introduction next meditation. This happened night uses data I catch it. Please consider changing I rea... Full Review,Positive,0.02261904761904762,0.5642857142857142
21-Day Meditation Experience,Amazing meditation sessions. Only wish option keep expired. Currently shredding weight Oprah absolutely helping stay track keep accountable.,Positive,0.2,0.7999999999999999
"2Date Dating App, Love and matching","This good dating app, I love much. This lot Chinese English speaking members. Most active I chat requests soon registered. There advertising, I chat others members freely. I used different dating apps, functions simple direct one. Users exchanged contact easily. Those guys met nice, gentle serious. Feeling good it. Hopefully every enjoy using app.",Positive,0.2509803921568628,0.5327731092436975
"2Date Dating App, Love and matching","Thank friend introduced dating me. This changed impression dating app. This first time real date real life dating app, I happy that! I m satisfied quality app, especially excellent customer services functions user oriented, localized, users active, I wait long users  replies matching. Finally, I honestly give big like app. Hope enjoy app!",Positive,0.3696969696969697,0.5848484848484848
"2Date Dating App, Love and matching","This seems nice, need VIP even send message another party.. This issue users wish pay membership time being... It s understandable can t send msg first, party msg you, able reply without problem..",Positive,0.45,0.6527777777777778
"2Date Dating App, Love and matching",Dont waste money become VIP. Tons there. This scam rubbish.,Negative,-0.2,0.0
"2Date Dating App, Love and matching",Fu....ng app. Just wasting time. You send receive heart signs. Can t send receive messages. Asking money messages. Better find another platform,Positive,0.5,0.5
"2Date Dating App, Love and matching","I like dating much. Different dating apps, members truly want make friends. The personal information users good detail, helps easily understand members. Functions interfaces dating simple, user friendly advertisement. It easy get start find someone chat directly. Users active serious, I met member similar interests values. We dinning offline sometimes joined activities others. I hope everyone make friends I find half ^^",Positive,0.1173611111111111,0.5214285714285715
"2Date Dating App, Love and matching",Am happy here. It s interesting. Hello friends I glad meet u all. Let s enjoy,Positive,0.55,0.75
"2Date Dating App, Love and matching",Well actually good ..but thing allowed match 30 day ..and plus filters country u want socialize .it happen randomly chosen,Positive,0.09999999999999998,0.55
"2Date Dating App, Love and matching","Nice~It many gals!! Users friendly, good dating app, much better others.",Positive,0.5890625,0.525
"2Date Dating App, Love and matching",Nice!! It attractive function.. Members friendly... Best choice meet new friends,Positive,0.6497727272727272,0.6509090909090909
"2Date Dating App, Love and matching","Nice! It attractive functions!! Users nice, feeling good it:)",Positive,0.71,0.9199999999999999
"2Date Dating App, Love and matching","Nice,it many function!! The best meet friend!",Positive,0.890625,0.4
"2Date Dating App, Love and matching",You can t chat girls without paying premium. Waste time,Negative,-0.2,0.0
"2Date Dating App, Love and matching",Chatting behind paywall. You re unable initiate conversations anyone without paying subscription fee.,Negative,-0.45,0.6
"2Date Dating App, Love and matching",Its hard send message likes me...its also worst site needs vip member send message...,Negative,-0.6458333333333334,0.7708333333333333
"2Date Dating App, Love and matching",Nice!! It many gals~ Users friendly~ It s great easy use(^_^),Positive,0.6091666666666666,0.7166666666666667
"2Date Dating App, Love and matching",Nice also users much friendly. Love,Positive,0.4916666666666667,0.7000000000000001
"2Date Dating App, Love and matching","If dont want spend money dating dont it, need make payment become VIP chat others.",Neutral,0.0,0.0
"2Date Dating App, Love and matching",Why cant reply message,Neutral,0.0,0.0
"2Date Dating App, Love and matching",nan,nan,nan,nan
"2Date Dating App, Love and matching",A good way start something different,Positive,0.35,0.6000000000000001
"2Date Dating App, Love and matching",Just nice sote focus wanted!,Positive,0.75,1.0
"2Date Dating App, Love and matching",Nice! It alot users,Positive,0.75,1.0
"2Date Dating App, Love and matching",Nice many people inside,Positive,0.55,0.75
"2Date Dating App, Love and matching",We can t even send messages anyone unless VIP Member.its purely business.,Positive,0.21428571428571427,0.5
"2Date Dating App, Love and matching",Can t receive email. And can t reply message,Neutral,0.0,0.0
"2Date Dating App, Love and matching","This app is worthy of praise, but still needs to work hard",Positive,0.020833333333333315,0.7708333333333333
"2Date Dating App, Love and matching","Itâ€™s so cool, itâ€™s hard to use it, itâ€™s hard for you.",Negative,-0.07777777777777779,0.5777777777777778
"2Date Dating App, Love and matching",Nice! many members! I like it=),Positive,0.625,0.8333333333333334
"2Date Dating App, Love and matching","Not good, even simplest messages function needs VIP",Negative,-0.35,0.6000000000000001
"2Date Dating App, Love and matching",Does necassary vip members sent message others?,Neutral,0.0,0.0
"2Date Dating App, Love and matching",lots fake account....,Negative,-0.5,1.0
"2Date Dating App, Love and matching",Really worth a try dating platform ~ good quality ~~,Positive,0.5,0.35000000000000003
"2Date Dating App, Love and matching",Nice app... People friendly... Like it...,Positive,0.4875,0.75
"2Date Dating App, Love and matching","Nice, many members!! Users active. It s great easy use.",Positive,0.49625,0.7366666666666667
"2Date Dating App, Love and matching",It s OK easy access,Positive,0.4666666666666667,0.6666666666666667
"2Date Dating App, Love and matching",Vosan wong,Neutral,0.0,0.0
"2Date Dating App, Love and matching","Nice!! It many gals, users friendly! Well designed easy ^_^",Positive,0.5848958333333334,0.7083333333333334
"2Date Dating App, Love and matching",nan,nan,nan,nan
"2Date Dating App, Love and matching",This perfect,Positive,1.0,1.0
2GIS: directory & navigator,"Thanks lot excellent map ""2gis"". I love it, like much...... It s working well, even without data connection; that s helpful people. Go ahead, keep us.",Positive,0.475,0.49999999999999994
2GIS: directory & navigator,"The application very much helps out when there is no connection to Wi-Fi. In addition, the route is total. transport in the city is a huge plus.",Positive,0.22000000000000006,0.6366666666666667
2GIS: directory & navigator,Very good app. You get lost anywhere.,Positive,0.9099999999999999,0.7800000000000001
2GIS: directory & navigator,"Not showing easily fastest routes United Arab Emirates , taking longitudes, latitude s map coordination inputs every location UAE United Arab Emirates need update maps latest 3D UPDATED STREET NAME, AREA LOCATION, poi, restaurant, hotel s, Atm",Positive,0.4666666666666667,0.8666666666666667
2GIS: directory & navigator,"It useful find offices places UAE, Love offline facility.",Positive,0.4,0.3
2GIS: directory & navigator,Love cause always gives date information really useful,Positive,0.4,0.3
2GIS: directory & navigator,"A lot of intrusive advertising and suggestions, invitations- become an agent or a photographer.",Neutral,0.0,0.0
2GIS: directory & navigator,"I ask to add the opportunity to watch where some buses are currently online (that is, displayed as in Yandex transport)",Neutral,0.0,0.4
2GIS: directory & navigator,Increase the launch speed on weak devices.,Negative,-0.375,0.625
2GIS: directory & navigator,Need improve lot location search suggestions,Neutral,0.0,0.0
2GIS: directory & navigator,I like map show abu dhabi I want add abu Dhabi also possible,Neutral,0.0,1.0
2GIS: directory & navigator,"Previously, the application was eating less battery, now the consumption is estimated by the phone as high intensive",Negative,-0.05777777777777777,0.2577777777777777
2GIS: directory & navigator,I moved to another city without knowing the areas. Everywhere this application helps out.,Neutral,0.0,0.0
2GIS: directory & navigator,Making life easy thanks lot 2GIS!!!,Positive,0.4119791666666667,0.5166666666666667
2GIS: directory & navigator,It s useful Its helping always find location,Positive,0.3,0.0
2GIS: directory & navigator,Nothing,Neutral,0.0,0.0
2GIS: directory & navigator,I wish maps countries around world.,Neutral,0.0,0.0
2GIS: directory & navigator,Already a couple of weeks is very buggy! What happened then. Everything happens slowly with delay. Or even hang.,Negative,-0.025000000000000022,0.35
2GIS: directory & navigator,"A good application, but you need to work with updates, for example an object is built, but you do not have it there",Positive,0.7,0.6000000000000001
2GIS: directory & navigator,The really good offline navigation. Iam visit visa Dubai helped lot navigation searching jobs. As feedback would like developers knows developmental activities routes changed also stops changed please update it.,Positive,0.7,0.6000000000000001
2GIS: directory & navigator,"I think it d great u add notifications app. ex. there s one/two busstops till destination point. people could leave open, without checking watching way again. like I it, little paranoid scared miss stop",Positive,0.2041666666666667,0.5833333333333334
2GIS: directory & navigator,"The application is very healthy, but I do not know how much the application has started to hang constantly and fly out. Very often a white screen just appears and the application hangs.",Positive,0.30833333333333335,0.3972222222222222
2GIS: directory & navigator,"Everything was fine, then for some reason you stopped updating the maps. For example, at the Exhibition of Economic Achievements for a long time there is a repair and postponed the transfer, I was hoping that the July update will fix, but, no, nothing happened.",Positive,0.18888888888888888,0.3666666666666667
2GIS: directory & navigator,Yesterday tooks wrong location going meeting. Meeting got canceled delay reach right place. In Al Quoz Dubai,Negative,-0.10714285714285715,0.7178571428571429
2GIS: directory & navigator,"Thank app. I often different cities I go. Please, add Tashkent city. This capital Uzbakistant.",Neutral,0.0,0.6
2GIS: directory & navigator,This good people send what s working plz check,Positive,0.7,0.6000000000000001
2GIS: directory & navigator,Awesommmmmmmmmm app.. Jst dwnld nd njy.. We nt get trapped anywhr.. Pakka,Negative,-0.2,0.0
2GIS: directory & navigator,"I always use the application, I think that the most convenient interface from all offline maps, but was very surprised that I did not find in the list of cities in Minsk. I had to download the competitor application.",Positive,0.315,0.75
2GIS: directory & navigator,BEST I HAVE EVER USED IN OFFLINE MODE IT WORKS VERY WELL IN OFFLINE MODE IN UAE,Positive,0.6,0.3
2GIS: directory & navigator,Constantly flies. It is impossible to use. Samsung galaxy note 4,Negative,-0.3333333333333333,0.6666666666666666
2GIS: directory & navigator,Amazing.. please add multiple destinations.,Positive,0.30000000000000004,0.45
2GIS: directory & navigator,"Cool prog, not just rescued",Positive,0.35,0.65
2GIS: directory & navigator,"For pedestrians, especially in a foreign city, I do not know the application better. But when you sit behind the wheel - the impression spoils. It is still convenient to find places in it, but do not go to them. Repeatedly the navigator offered me to roll up or turn around so I would be on the roadway of oncoming traffic. Not to mention the fact that the navigator sometimes offers dirt roads instead of normal ones. I spent the whole night at the track this winter.",Positive,0.02857142857142857,0.3714285714285714
2GIS: directory & navigator,"Disgusting. At first everything was fine, but then - I do not know what it is (the language does not turn to say ""applications"") pereklinilo, but I was offered twice the exact opposite route. Very much I do not advise IT to download, but if you dare - be ready instead of the right place to go to the ebony sure that you are going right.",Positive,0.1448095238095238,0.48036507936507933
2GIS: directory & navigator,"Best map Dubai, Sharjah, Ajman, please add Abu Dhabi, Ras-Al-khaima, Fujairah, Umm Al Qwain",Positive,1.0,0.3
2GIS: directory & navigator,It s useful without internet,Positive,0.3,0.0
2GIS: directory & navigator,Number aps world,Neutral,0.0,0.0
2GIS: directory & navigator,Always helps,Neutral,0.0,0.0
2GIS: directory & navigator,Amazing But also need location abu dhabi plzzzzz,Positive,0.6000000000000001,0.9
2GIS: directory & navigator,"For the icon, thank you!",Neutral,0.0,0.0
